{"current":{"color_text":"#3a3a3a","color_body_text":"#333232","color_sale_text":"#ea0606","color_button":"#3a3a3a","color_button_text":"#ffffff","color_small_button_text_border":"#3a3a3a","color_text_field_text":"#000000","color_text_field_border":"#cccccc","color_text_field":"#ffffff","color_image_overlay_text":"#ffffff","color_image_overlay":"#685858","image_overlay_opacity":40,"color_borders":"#ebebeb","color_body_bg":"#ffffff","type_header_font":"helvetica_n7","type_header_base_size":26,"type_base_font":"helvetica_n4","type_base_size":15,"predictive_search_enabled":false,"predictive_search_show_vendor":false,"predictive_search_show_price":false,"share_facebook":true,"share_twitter":true,"share_pinterest":true,"social_twitter_link":"","social_facebook_link":"","social_pinterest_link":"","social_instagram_link":"","social_tumblr_link":"","social_snapchat_link":"","social_youtube_link":"","social_vimeo_link":"","favicon":"","enable_ajax":true,"checkout_header_image":"","checkout_logo_image":"","checkout_logo_position":"left","checkout_logo_size":"medium","checkout_body_background_image":"","checkout_body_background_color":"#fff","checkout_input_background_color_mode":"white","checkout_sidebar_background_image":"","checkout_sidebar_background_color":"#fafafa","checkout_heading_font":"-apple-system, BlinkMacSystemFont, 'Segoe UI', Roboto, Helvetica, Arial, sans-serif, 'Apple Color Emoji', 'Segoe UI Emoji', 'Segoe UI Symbol'","checkout_body_font":"-apple-system, BlinkMacSystemFont, 'Segoe UI', Roboto, Helvetica, Arial, sans-serif, 'Apple Color Emoji', 'Segoe UI Emoji', 'Segoe UI Symbol'","checkout_accent_color":"#197bbd","checkout_button_color":"#197bbd","checkout_error_color":"#e32c2b","sections":{"header":{"type":"header","settings":{"align_logo":"left","logo":"","logo_max_width":100,"main_linklist":"main-menu","message":false,"home_page_only":true,"message_text":"Announce something here","message_link":"","color_bg":"#3a3a3a","color_text":"#ffffff"}},"hero-1":{"type":"hero","settings":{"image":"","alignment":"center","hero_layout":"full_width","hero_size":"large","text_size":"large","title":"Image with text overlay","text":"<p>Use overlay text to give your customers insight into your brand. Select imagery and text that relates to your style and story.<\/p>","button_label":"","button_link":""}},"feature-row":{"type":"feature-row","settings":{"image":"","layout":"left","title":"Image with text","text":"<p>Pair large text with an image to give focus to your chosen product, collection, or blog post. Add details on availability, style, or even provide a review.<\/p>","button_label":"","button_link":""}},"feature-columns":{"type":"feature-columns","blocks":{"feature-columns-0":{"type":"text_block","settings":{"enable_image":true,"image":"","title":"Add a title or tagline","text":"<p>Share blog posts, products, or promotions with your customers. Use this text to describe products, share details on availability and style, or as a space to display recent reviews or FAQs.<\/p>","button_label":"","button_link":""}},"feature-columns-1":{"type":"text_block","settings":{"enable_image":true,"image":"","title":"Add a title or tagline","text":"<p>Share blog posts, products, or promotions with your customers. Use this text to describe products, share details on availability and style, or as a space to display recent reviews or FAQs.<\/p>","button_label":"","button_link":""}},"feature-columns-2":{"type":"text_block","settings":{"enable_image":true,"image":"","title":"Add a title or tagline","text":"<p>Share blog posts, products, or promotions with your customers. Use this text to describe products, share details on availability and style, or as a space to display recent reviews or FAQs.<\/p>","button_label":"","button_link":""}}},"block_order":["feature-columns-0","feature-columns-1","feature-columns-2"],"settings":{"title":"","align_text":"left"}},"collection":{"type":"collection","settings":{"title":"Featured collection","collection":"","grid":4,"rows":2,"show_vendor":false,"show_view_all":false}},"hero-2":{"type":"hero","settings":{"image":"","alignment":"center","hero_layout":"full_width","hero_size":"medium","text_size":"large","title":"Image with text overlay","text":"<p>Use overlay text to give your customers insight into your brand. Select imagery and text that relates to your style and story.<\/p>","button_label":"","button_link":""}},"quotes":{"type":"quotes","blocks":{"quotes-0":{"type":"quote","settings":{"quote":"<p>Add customer reviews and testimonials to showcase your store’s happy customers.<\/p>","author":"Author's name"}},"quotes-1":{"type":"quote","settings":{"quote":"<p>Add customer reviews and testimonials to showcase your store’s happy customers.<\/p>","author":"Author's name"}},"quotes-2":{"type":"quote","settings":{"quote":"<p>Add customer reviews and testimonials to showcase your store’s happy customers.<\/p>","author":"Author's name"}}},"block_order":["quotes-0","quotes-1","quotes-2"],"settings":{"title":""}},"image-bar":{"type":"image-bar","blocks":{"image-bar-0":{"type":"image","settings":{"image":"","alignment":"center","link":"","cta_label":""}},"image-bar-1":{"type":"image","settings":{"image":"","alignment":"center","link":"","cta_label":""}},"image-bar-2":{"type":"image","settings":{"image":"","alignment":"center","link":"","cta_label":""}}},"block_order":["image-bar-0","image-bar-1","image-bar-2"],"settings":{"section_height":"medium"}},"footer":{"type":"footer","blocks":{"1602286289462":{"type":"link_list","settings":{"title":"Company Information","menu":"company-information"}},"1602286292458":{"type":"link_list","settings":{"title":"Shopping Services","menu":"shopping-services"}},"1602286294702":{"type":"link_list","settings":{"title":"Shop By Department","menu":"shop-by-department"}},"1602286296477":{"type":"link_list","settings":{"title":"Customer Service","menu":"customer-service"}},"1602537449226":{"type":"link_list","settings":{"title":"Education","menu":"education"}}},"block_order":["1602286289462","1602286292458","1602286294702","1602286296477","1602537449226"],"settings":{"show_payment_icons":false,"color_footer_bg":"#f6f6f6","color_footer_text":"#333232","show_locale_selector":false,"show_currency_selector":false}},"rich-text1":{"type":"rich-text1","settings":{"full_width":true,"section_title":"Contact Free Delivery","text":"","text_size":"large"}},"FAQ":{"type":"FAQ","settings":{"expand_questions":false}},"rich-text2":{"type":"rich-text2","settings":{"full_width":false,"section_title":"Using Fsa and Has Funds","text":"<p>Use this text to share information about your brand with your customers.&nbsp;<\/p>","text_size":"medium"}},"rich-text3":{"type":"rich-text3","settings":{"full_width":false,"section_title":"Lens Material","text":"<p>Use this text to share information about your brand with your customers. ore.<\/p>","text_size":"medium"}},"rich-text4":{"type":"rich-text4","settings":{"full_width":false,"section_title":"Buying Prescription Glasses Online","text":"<p>Use this text to share information about your brand with your customers.&nbsp;<\/p>","text_size":"medium"}},"rich-text5":{"type":"rich-text5","settings":{"full_width":false,"section_title":"Vision Insurance","text":"<p>Use this text to share information about your brand with your customers.&nbsp;<\/p>","text_size":"medium"}},"rich-text6":{"type":"rich-text6","settings":{"full_width":false,"section_title":"Single Vision Prescription","text":"<p>Use this text to share information about your brand with your customers.&nbsp;<\/p>","text_size":"medium"}},"rich-text7":{"type":"rich-text7","settings":{"full_width":false,"section_title":"Returns","text":"<p>Use this text to share information about your brand with your customers.&nbsp;<\/p>","text_size":"medium"}},"rich-text8":{"type":"rich-text8","settings":{"full_width":false,"section_title":"Shipping","text":"<p>Use this text to share information about your brand with your customers.&nbsp;<\/p>","text_size":"medium"}},"rich-text9":{"type":"rich-text9","settings":{"full_width":true,"section_title":"Returns","text":"<p>Use this text to share information about your brand with your customers.<\/p>\n<p><a href=\"\/pages\/returns\" title=\"Returns\">See More<\/a><\/p>","text_size":"medium"}},"rich-text10":{"type":"rich-text10","settings":{"full_width":true,"section_title":"Shipping","text":"<p>Use this text to share information about your brand with your customers.&nbsp;<\/p>\n<p><a href=\"\/pages\/shipping\" title=\"Shipping\">See More<\/a><\/p>","text_size":"medium"}},"rich-text11":{"type":"rich-text11","settings":{"full_width":true,"section_title":"Single Vision Prescription","text":"<p>Use this text to share information about your brand with your customers.&nbsp;<\/p>\n<p><a href=\"\/pages\/single-vision-prescription\" title=\"Single Vision Prescription\">See More<\/a><\/p>","text_size":"medium"}},"rich-text12":{"type":"rich-text12","settings":{"full_width":true,"section_title":"Vision Insurance","text":"<p>Use this text to share information about your brand with your customers.&nbsp;<\/p>\n<p><a href=\"\/pages\/vision-insurance\" title=\"Vision Insurance\">See More<\/a><\/p>","text_size":"medium"}},"rich-text13":{"type":"rich-text13","settings":{"full_width":true,"section_title":"Buying Prescription Glasses Online","text":"<p>Use this text to share information about your brand with your customers.&nbsp;<\/p>\n<p><a href=\"\/pages\/buying-glasses-online\" title=\"Buying Glasses Online\">See More<\/a><\/p>","text_size":"medium"}},"rich-text14":{"type":"rich-text14","settings":{"full_width":true,"section_title":"Lens Material","text":"<p>Use this text to share information about your brand with your customers.&nbsp;<\/p>\n<p><a href=\"\/pages\/lens-material\" title=\"Lens Material\">See More<\/a><\/p>","text_size":"medium"}},"rich-text15":{"type":"rich-text15","settings":{"full_width":true,"section_title":"Using your Fsa and Hsa Funds","text":"<p>Use this text to share information about your brand with your customers.&nbsp;<\/p>\n<p><a href=\"\/pages\/fsa-funds\" title=\"Fsa Funds\">See More<\/a><\/p>","text_size":"medium"}}},"content_for_index":["hero-1","feature-row","feature-columns","collection","hero-2","quotes","image-bar"]},"presets":{"Default":{"sections":{"header":{"type":"header","settings":{}},"hero-1":{"type":"hero","settings":{"hero_size":"large","text_size":"large"}},"feature-row":{"type":"feature-row","settings":{}},"feature-columns":{"type":"feature-columns","blocks":{"feature-columns-0":{"type":"text_block","settings":{}},"feature-columns-1":{"type":"text_block","settings":{}},"feature-columns-2":{"type":"text_block","settings":{}}},"block_order":["feature-columns-0","feature-columns-1","feature-columns-2"],"settings":{"title":""}},"collection":{"type":"collection","settings":{"grid":4}},"hero-2":{"type":"hero","settings":{"text_size":"large"}},"quotes":{"type":"quotes","blocks":{"quotes-0":{"type":"quote","settings":{}},"quotes-1":{"type":"quote","settings":{}},"quotes-2":{"type":"quote","settings":{}}},"block_order":["quotes-0","quotes-1","quotes-2"],"settings":{"title":""}},"image-bar":{"type":"image-bar","blocks":{"image-bar-0":{"type":"image","settings":{}},"image-bar-1":{"type":"image","settings":{}},"image-bar-2":{"type":"image","settings":{}}},"block_order":["image-bar-0","image-bar-1","image-bar-2"],"settings":{}},"footer":{"type":"footer","blocks":{"footer-0":{"type":"link_list","settings":{}},"footer-1":{"type":"newsletter","settings":{}}},"block_order":["footer-0","footer-1"],"settings":{"show_payment_icons":true}}},"content_for_index":["hero-1","feature-row","feature-columns","collection","hero-2","quotes","image-bar"]},"Light":{"color_text":"#162950","color_body_text":"#6d6d6d","color_sale_text":"#DA2F0C","color_borders":"#e4e4e4","color_button":"#DA2F0C","color_button_text":"#ffffff","color_small_button_text_border":"#162950","color_text_field":"#ffffff","color_text_field_text":"#162950","color_text_field_border":"#909090","color_image_overlay_text":"#ffffff","color_image_overlay":"#3d3d3d","image_overlay_opacity":40,"color_body_bg":"#f8f8f8","type_header_font":"muli_n6","type_header_base_size":26,"type_base_font":"muli_n4","type_base_size":18,"share_facebook":true,"share_twitter":true,"share_pinterest":true,"social_twitter_link":"","social_facebook_link":"","social_pinterest_link":"","social_instagram_link":"","social_tumblr_link":"","social_snapchat_link":"","social_youtube_link":"","social_vimeo_link":"","favicon":"","checkout_header_image":"","checkout_logo_image":"","checkout_logo_position":"left","checkout_logo_size":"small","checkout_body_background_image":"","checkout_body_background_color":"#ffffff","checkout_input_background_color_mode":"white","checkout_sidebar_background_image":"","checkout_sidebar_background_color":"#e8f3f6","checkout_heading_font":"Roboto","checkout_body_font":"Source Sans Pro","checkout_accent_color":"#1990c6","checkout_button_color":"#23314e","checkout_error_color":"#ff6d6d","sections":{"header":{"type":"header","settings":{"align_logo":"left","logo":"","logo_max_width":135,"main_linklist":"main-menu","message":true,"color_bg":"#162950","color_text":"#ffffff"}},"hero":{"type":"hero","settings":{"alignment":"center","hero_size":"x-large","text_size":"large"}},"slideshow":{"type":"slideshow","blocks":{"slideshow-0":{"type":"image","settings":{"image":"","alignment":"center center"}},"1492095993817":{"type":"image","settings":{"image":"","alignment":"center"}}},"block_order":["slideshow-0","1492095993817"],"settings":{"slideshow_height":"medium","text_size":"medium","autorotate":false,"autorotate_speed":5}},"featured-collections":{"type":"collection","settings":{"grid":3,"rows":1,"show_vendor":true,"show_view_all":true}},"product-template":{"type":"product-template","settings":{"show_quantity_selector":false,"show_vendor":false,"show_share_buttons":true,"media_size":"medium","enable_image_zoom":true,"enable_video_looping":false}},"collection-template":{"type":"collection-template","settings":{"layout":"grid","grid":2,"rows":2,"show_collection_image":true,"show_vendor":false,"sort_enable":true,"tags_enable":true}},"1492033809691":{"type":"map","settings":{}},"1492033877875":{"type":"quotes","blocks":{"1492033877875-0":{"type":"quote","settings":{}}},"block_order":["1492033877875-0"],"settings":{}},"1492033924902":{"type":"custom-content","blocks":{"1492033924902-0":{"type":"text","settings":{"width":"100%","alignment":"center","align_text":"center"}}},"block_order":["1492033924902-0"],"settings":{"title":""}},"1492096252560":{"type":"collection-list","blocks":{"1492096252560-0":{"type":"featured_collection","settings":{}},"1492096252560-1":{"type":"featured_collection","settings":{}},"1492096252560-2":{"type":"featured_collection","settings":{}}},"block_order":["1492096252560-0","1492096252560-1","1492096252560-2"],"settings":{"grid":3}},"blog-template":{"type":"blog-template","settings":{"layout":"grid","blog_show_author":true,"blog_show_date":false}},"article-template":{"type":"article-template","settings":{"blog_show_author":true,"blog_show_date":true,"show_share_buttons":true}},"cart-template":{"type":"cart-template","settings":{"cart_notes_enable":false}},"footer":{"type":"footer","blocks":{"link_list":{"type":"link_list","settings":{}},"text":{"type":"text","settings":{}},"newsletter":{"type":"newsletter","settings":{}}},"block_order":["link_list","text","newsletter"],"settings":{"color_footer_bg":"#f8f8f8","color_footer_text":"#6d6d6d"}}},"content_for_index":["hero","featured-collections","slideshow","1492033924902","1492096252560","1492033877875","1492033809691"]}}}